lat,lon,name,desc,
38.503277,-121.441411,"5504 53RD AVE, 95823","5504 53rd Ave, Sacramento, CA 95823, USA",
38.54401,-121.354992,"3912 WESTPORTER DR, 95826","3912 Westporter Dr, Sacramento, CA 95826, USA",
38.6216896,-121.4137101,"2224 EDISON AVE, 95821","2224 Edison Ave, Sacramento, CA 95821, USA",
38.5265634,-121.3539845,"5467 BALLANTINE ST, 95826","5467 Ballantine St, Sacramento, CA 95826, USA",
38.703458,-121.349972,"7535 EVENT WAY, 95842","7535 Event Way, Sacramento, CA 95842, USA",
38.505562,-121.437322,"5711 53RD AVE, 95823","5711 53rd Ave, Sacramento, CA 95823, USA",
38.524397,-121.4473454,"5621 DEWEY BLVD, 95824","5621 Dewey Blvd, Sacramento, CA 95824, USA",
38.453812,-121.357622,"8369 FOPPIANO WAY, 95829","8369 Foppiano Way, Sacramento, CA 95829, USA",
38.656844,-121.373976,"4985 JACKSON ST, 95660","4985 Jackson St, North Highlands, CA 95660, USA",
38.632019,-121.373429,"3980 ROSEMARY CIR, 95821","3980 Rosemary Cir, Sacramento, CA 95821, USA",
38.46107,-121.375865,"8814 SOMERSHIRE WAY, 95828","8814 Somershire Way, Sacramento, CA 95828, USA",
38.537751,-121.458828,"4016 E NICHOLS AVE, 95820","4016 E Nichols Ave, Sacramento, CA 95820, USA",
38.458039,-121.365852,"9092 PEBBLE FIELD WAY, 95829","9092 Pebble Field Way, Sacramento, CA 95829, USA",
38.470314,-121.368128,"8975 GIANT PANDA DR, 95829","8975 Giant Panda Dr, Sacramento, CA 95829, USA",
38.464163,-121.356793,"9207 NORSEMAN CT, 95829","9207 Norseman Ct, Sacramento, CA 95829, USA",
38.474285,-121.353618,"7738 DERSINGHAM DR, 95829","7738 Dersingham Dr, Sacramento, CA 95829, USA",
38.6490409,-121.354262,"4710 ORANGE GROVE AVE, 95841","4710 Orange Grove Ave, Sacramento, CA 95841, USA",
38.5542087,-121.3351313,"9700 GOETHE RD, 95827","9700 Goethe Rd, Sacramento, CA 95827, USA",
38.613738,-121.395576,"2624 BELPORT LN, 95821","2624 Belport Ln, Sacramento, CA 95821, USA",
38.656792,-121.330097,"5022 GREENBERRY DR, 95841","5022 Greenberry Dr, Sacramento, CA 95841, USA",
38.705647,-121.243709,"7676 WACHTEL WAY, 95662","7676 Wachtel Way, Orangevale, CA 95662, USA",
38.453187,-121.317349,"8368 KELLWOOD CT, 95829","8368 Kellwood Ct, Sacramento, CA 95829, USA",
38.522148,-121.46386,"5738 MASCOT AVE, 95824","5738 Mascot Ave, Sacramento, CA 95824, USA",
38.523913,-121.462947,"3893 32ND AVE, 95824","3893 32nd Ave, Sacramento, CA 95824, USA",
38.5235616,-121.4624658,"5701 39TH ST, 95824","5701 39th St, Sacramento, CA 95824, USA",
38.518779,-121.462052,"5924 MENDOCINO BLVD, 95824","5924 Mendocino Blvd, Sacramento, CA 95824, USA",
38.518636,-121.462051,"5928 MENDOCINO BLVD, 95824","5928 Mendocino Blvd, Sacramento, CA 95824, USA",
38.507546,-121.461421,"3946 48TH AVE, 95823","3946 48th Ave, Sacramento, CA 95823, USA",
38.505127,-121.454322,"6601 44TH ST, 95823","6601 44th St, Sacramento, CA 95823, USA",
38.608974,-121.419681,"2000 ERNEST WAY, 95825","2000 Ernest Way, Sacramento, CA 95825, USA",
38.52933,-121.45493,"4400 25TH AVE, 95820","4400 25th Ave, Sacramento, CA 95820, USA",
38.5317719,-121.461886,"4830 MENDOCINO BLVD, 95820","4830 Mendocino Blvd, Sacramento, CA 95820, USA",
38.527783,-121.461995,"5240 MENDOCINO BLVD, 95820","5240 Mendocino Blvd, Sacramento, CA 95820, USA",
38.5081739,-121.446773,"4911 50TH AVE, 95823","4911 50th Ave, Sacramento, CA 95823, USA",
38.50504,-121.438264,"5632 53RD AVE, 95823","5632 53rd Ave, Sacramento, CA 95823, USA",
38.503265,-121.446425,"5010 53RD AVE, 95823","5010 53rd Ave, Sacramento, CA 95823, USA",
38.609307,-121.369746,"2448 VERNA WAY, 95864","2448 Verna Way, Sacramento, CA 95864, USA",
38.693533,-121.228553,"8833 ELM AVE, 95662","8833 Elm Ave, Orangevale, CA 95662, USA",
38.657031,-121.330339,"5056 GREENBERRY DR, 95841","5056 Greenberry Dr, Sacramento, CA 95841, USA",
38.488647,-121.450311,"4550 FOREST PKWY, 95823","4550 Forest Pkwy, Sacramento, CA 95823, USA",
38.517013,-121.446241,"5028 CLOVER GLEN WAY, 95824","5028 Clover Glen Way, Sacramento, CA 95824, USA",
38.6180126,-121.3301189,"6431 FAIR OAKS BLVD, 95608","6431 Fair Oaks Blvd, Carmichael, CA 95608, USA",
38.6495143,-121.3281662,"4703 MANZANITA AVE, 95608","4703 Manzanita Ave, Carmichael, CA 95608, USA",
38.276883,-121.210451,"13246 ALABAMA RD, 95632","13246 Alabama Rd, Galt, CA 95632, USA",
38.6591308,-121.3768033,"3723 SCALLOP CT, 95660","3723 Scallop Ct, North Highlands, CA 95660, USA",
38.6577223,-121.3761481,"5002 SHELL ST, 95660","5002 Shell St, North Highlands, CA 95660, USA",
38.723999,-121.359364,"8524 LONGSPUR WAY, 95843","8524 Longspur Way, Antelope, CA 95843, USA",
38.587989,-121.368657,"1221 EL SUR WAY, 95864","1221 El Sur Way, Sacramento, CA 95864, USA",
38.5194008,-121.4587323,"4131 37TH AVE, 95824","4131 37th Ave, Sacramento, CA 95824, USA",
38.669481,-121.419179,"5600 20TH ST, 95673","5600 20th St, Rio Linda, CA 95673, USA",
38.57708,-121.333007,"2778 HYANNIS WAY, 95827","2778 Hyannis Way, Sacramento, CA 95827, USA",
38.57262,-121.374269,"3850 EXMOOR CIR, 95864","3850 Exmoor Cir, Sacramento, CA 95864, USA",
38.709026,-121.374021,"3816 BLACKFOOT WAY, 95843","3816 Blackfoot Way, Antelope, CA 95843, USA",
38.567051,-121.398811,"2674 AMERICAN RIVER DR, 95864","2674 American River Dr, Sacramento, CA 95864, USA",
38.664645,-121.310744,"6617 MARKLEY WAY, 95608","6617 Markley Way, Carmichael, CA 95608, USA",
38.6063634,-121.4193574,"2011 EDWIN WAY, 95825","2011 Edwin Way, Sacramento, CA 95825, USA",
38.66602,-121.314517,"6401 TEMPLETON DR, 95608","6401 Templeton Dr, Carmichael, CA 95608, USA",
38.693945,-121.416592,"6945 22ND ST, 95673","6945 22nd St, Rio Linda, CA 95673, USA",
38.682465,-121.379926,"3664 BOLIVAR AVE, 95660","3664 Bolivar Ave, North Highlands, CA 95660, USA",
38.650072,-121.301343,"7001 ELLSWORTH CIR, 95628","7001 Ellsworth Cir, Fair Oaks, CA 95628, USA",
38.719489,-121.373985,"8228 SANDERSON CT, 95843","8228 Sanderson Ct, Antelope, CA 95843, USA",
38.4858915,-121.436652,"7474 LA MANCHA WAY, 95823","7474 La Mancha Way, Sacramento, CA 95823, USA",
38.636708,-121.379275,"3859 ANNADALE LN, 95821","3859 Annadale Ln, Sacramento, CA 95821, USA",
38.460757,-121.404777,"8180 VISALIA WAY, 95828","8180 Visalia Way, Sacramento, CA 95828, USA",
38.656844,-121.373976,"4985 JACKSON ST, 95660","4985 Jackson St, North Highlands, CA 95660, USA",
38.459003,-121.333511,"8201 BRADSHAW RD, 95829","8201 Bradshaw Rd, Sacramento, CA 95829, USA",
38.662988,-121.351162,"5307 COLLEGE OAK DR, 95841","5307 College Oak Dr, Sacramento, CA 95841, USA",
38.674067,-121.194552,"9612 LAKE NATOMA DR, 95662","9612 Lake Natoma Dr, Orangevale, CA 95662, USA",
38.577404,-121.333452,"2746 BRADSHAW RD, 95827","2746 Bradshaw Rd, Sacramento, CA 95827, USA",
38.624522,-121.378082,"3224 MONTCLAIRE ST, 95821","3224 Montclaire St, Sacramento, CA 95821, USA",
38.6607817,-121.3703336,"4019 RENICK WAY, 95660","4019 Renick Way, North Highlands, CA 95660, USA",
38.670414,-121.355365,"5629 WALERGA RD, 95842","5629 Walerga Rd, Sacramento, CA 95842, USA",
38.602638,-121.382607,"3500 WINDING CREEK RD, 95864","3500 Winding Creek Rd, Sacramento, CA 95864, USA",
38.484814,-121.435734,"5811 POMEGRANATE AVE, 95823","5811 Pomegranate Ave, Sacramento, CA 95823, USA",
38.688546,-121.244127,"6728 KENNETH AVE, 95662","6728 Kenneth Ave, Orangevale, CA 95662, USA",
38.644848,-121.312221,"4412 BARRETT RD, 95608","4412 Barrett Rd, Carmichael, CA 95608, USA",
38.484478,-121.420702,"7508 WHISPERWILLOW DR, 95828","7508 Whisperwillow Dr, Sacramento, CA 95828, USA",
38.623318,-121.329147,"6729 FAIR OAKS BLVD, 95608","6729 Fair Oaks Blvd, Carmichael, CA 95608, USA",
38.4887749,-121.455048,"4400 C PKWY, 95823","4400 C Pkwy, Sacramento, CA 95823, USA",
38.4934889,-121.418874,"7601 LINDALE DR, 95828","7601 Lindale Dr, Sacramento, CA 95828, USA",
38.485135,-121.419719,"7492 RIDGE WILLOW CT, 95828","7492 Ridge Willow, Sacramento, CA 95828, USA",
38.5700937,-121.355956,"2552 RIO BRAVO CIR, 95826","2552 Rio Bravo Cir, Sacramento, CA 95826, USA",
38.4887749,-121.455048,"4400 C PKWY, 95823","4400 C Pkwy, Sacramento, CA 95823, USA",
38.569275,-121.358198,"2630 RIO BRAVO CIR, 95826","2630 Rio Bravo Cir, Sacramento, CA 95826, USA",
38.463966,-121.329668,"8080 CARMENCITA AVE, 95829","8080 Carmencita Ave, Sacramento, CA 95829, USA",
38.6318083,-121.3302063,"5751 ENGLE RD, 95608","5751 Engle Rd, Carmichael, CA 95608, USA",
38.489198,-121.455321,"4401 C PKWY, 95823","4401 C Pkwy, Sacramento, CA 95823, USA",
38.4887749,-121.455048,"4400 C PKWY, 95823","4400 C Pkwy, Sacramento, CA 95823, USA",
38.657431,-121.355505,"5001 DATE AVE, 95841","5001 Date Ave, Sacramento, CA 95841, USA",
38.488221,-121.409123,"8045 ROCKHURST WAY, 95828","8045 Rockhurst Way, Sacramento, CA 95828, USA",
38.519593,-121.461077,"5844 40TH ST, 95824","5844 40th St, Sacramento, CA 95824, USA",
38.518591,-121.459858,"5916 41ST ST, 95824","5916 41st St, Sacramento, CA 95824, USA",
38.520756,-121.456128,"4320 35TH AVE, 95824","4320 35th Ave, Sacramento, CA 95824, USA",
38.653638,-121.368932,"4050 MYRTLE AVE, 95660","4050 Myrtle Ave, North Highlands, CA 95660, USA",
38.51767,-121.446325,"5947 CLOVER MANOR WAY, 95824","5947 Clover Manor Way, Sacramento, CA 95824, USA",
38.517698,-121.446902,"5948 CLOVER MANOR WAY, 95824","5948 Clover Manor Way, Sacramento, CA 95824, USA",
38.492906,-121.414779,"7285 PALMER HOUSE DR, 95828","7285 Palmer House Dr, Sacramento, CA 95828, USA",
38.505529,-121.443983,"5220 CORVET WAY, 95823","5220 Corvet Way, Sacramento, CA 95823, USA",
38.518965,-121.453586,"4428 SANTA MONICA AVE, 95824","4428 Santa Monica Ave, Sacramento, CA 95824, USA",
38.5181349,-121.4516373,"4621 38TH AVE, 95824","4621 38th Ave, Sacramento, CA 95824, USA",
38.486275,-121.411095,"7904 SKANDER WAY, 95828","7904 Skander Way, Sacramento, CA 95828, USA",
38.510711,-121.457104,"4300 46TH AVE, 95824","4300 46th Ave, Sacramento, CA 95824, USA",
38.4887749,-121.455048,"4400 C PKWY, 95823","4400 C Pkwy, Sacramento, CA 95823, USA",
38.488818,-121.411624,"7901 HARTWICK WAY, 95828","7901 Hartwick Way, Sacramento, CA 95828, USA",
38.4866874,-121.4095414,"8005 SKANDER WAY, 95828","8005 Skander Way, Sacramento, CA 95828, USA",
38.4792018,-121.4136121,"7701 EAGLE PARK DR, 95828","7701 Eagle Park Dr, Sacramento, CA 95828, USA",
38.514178,-121.458182,"4200 43RD AVE, 95824","4200 43rd Ave, Sacramento, CA 95824, USA",
38.51419,-121.459413,"4100 43RD AVE, 95824","4100 43rd Ave, Sacramento, CA 95824, USA",
38.51646,-121.461997,"3928 40TH AVE, 95824","3928 40th Ave, Sacramento, CA 95824, USA",
38.520213,-121.463324,"5830 39TH ST, 95824","5830 39th St, Sacramento, CA 95824, USA",
38.518779,-121.462052,"5924 MENDOCINO BLVD, 95824","5924 Mendocino Blvd, Sacramento, CA 95824, USA",
38.5189809,-121.461556,"5921 MENDOCINO BLVD, 95824","5921 Mendocino Blvd, Sacramento, CA 95824, USA",
38.480607,-121.377272,"7622 EASTBREEZE CIR, 95828","7622 Eastbreeze Cir, Sacramento, CA 95828, USA",
38.522082,-121.448205,"4900 IOWA AVE, 95824","4900 Iowa Ave, Sacramento, CA 95824, USA",
38.520306,-121.462474,"5836 MENDOCINO BLVD, 95824","5836 Mendocino Blvd, Sacramento, CA 95824, USA",
38.480317,-121.415223,"7633 PAR PKWY, 95828","7633 Par Pkwy, Sacramento, CA 95828, USA",
38.699438,-121.483931,"916 STRAUGH RD, 95673","916 Straugh Rd, Rio Linda, CA 95673, USA",
38.503525,-121.468407,"3409 52ND AVE, 95823","3409 52nd Ave, Sacramento, CA 95823, USA",
38.5174977,-121.4510865,"4741 39TH AVE, 95824","4741 39th Ave, Sacramento, CA 95824, USA",
38.479329,-121.409548,"7856 ORCHARD WOODS CIR, 95828","7856 Orchard Woods Cir, Sacramento, CA 95828, USA",
38.5931534,-121.2067767,"11801 WHITE ROCK RD, 95742","11801 White Rock Rd, Rancho Cordova, CA 95742, USA",
38.484644,-121.420689,"7504 WHISPERWILLOW DR, 95828","7504 Whisperwillow Dr, Sacramento, CA 95828, USA",
38.692099,-121.3433,"6940 CENTENNIAL WAY, 95842","6940 Centennial Way, Sacramento, CA 95842, USA",
38.670381,-121.324958,"5982 VIA CASITAS, 95608","5982 VÃ­a Casitas, Carmichael, CA 95608, USA",
38.492971,-121.398056,"7280 REESE RD, 95828","7280 Reese Rd, Sacramento, CA 95828, USA",
38.692126,-121.35954,"6849 BLACK DUCK WAY, 95842","6849 Black Duck Way, Sacramento, CA 95842, USA",
38.6932191,-121.4573231,"6907 RIO LINDA BLVD, 95673","6907 Rio Linda Blvd, Rio Linda, CA 95673, USA",
38.657031,-121.330339,"5056 GREENBERRY DR, 95841","5056 Greenberry Dr, Sacramento, CA 95841, USA",
38.565797,-121.366406,"2554 KEY WEST WAY, 95826","2554 Key W Way, Sacramento, CA 95826, USA",
38.683012,-121.368092,"6311 LA CIENEGA DR, 95660","6311 La Cienega Dr, North Highlands, CA 95660, USA",
38.65742,-121.261696,"4951 RICHWOOD CT, 95628","4951 Richwood Ct, Fair Oaks, CA 95628, USA",
38.462341,-121.392327,"8457 CUTLER WAY, 95828","8457 Cutler Way, Sacramento, CA 95828, USA",
38.6159097,-121.5386079,"2738 EL CENTRO RD, 95833","2738 El Centro Rd, Sacramento, CA 95833, USA",
38.517013,-121.447418,"5004 CLOVER GLEN WAY, 95824","5004 Clover Glen Way, Sacramento, CA 95824, USA",
38.517013,-121.447418,"5004 CLOVER GLEN WAY, 95824","5004 Clover Glen Way, Sacramento, CA 95824, USA",
38.517424,-121.446343,"5959 CLOVER MANOR WAY, 95824","5959 Clover Manor Way, Sacramento, CA 95824, USA",
38.517698,-121.446902,"5948 CLOVER MANOR WAY, 95824","5948 Clover Manor Way, Sacramento, CA 95824, USA",
38.602305,-121.379887,"3640 WINDING CREEK RD, 95864","3640 Winding Creek Rd, Sacramento, CA 95864, USA",
38.528048,-121.461171,"5205 MENDOCINO BLVD, 95820","5205 Mendocino Blvd, Sacramento, CA 95820, USA",
38.693957,-121.471695,"6921 W 4TH ST, 95673","6921 W 4th St, Rio Linda, CA 95673, USA",
38.685676,-121.198357,"9481 CENTRAL AVE, 95662","9481 Central Ave, Orangevale, CA 95662, USA",
38.454139,-121.377875,"8364 VINTAGE PARK DR, 95828","8364 Vintage Park Dr, Sacramento, CA 95828, USA",
38.458772,-121.380698,"8526 VINTAGE PARK DR, 95828","8526 Vintage Park Dr, Sacramento, CA 95828, USA",
38.45937,-121.380705,"8540 VINTAGE PARK DR, 95828","8540 Vintage Park Dr, Sacramento, CA 95828, USA",
38.654215,-121.219825,"4813 RUNWAY DR, 95628","4813 Runway Dr, Fair Oaks, CA 95628, USA",
38.6251109,-121.405733,"2401 ROLAND RD, 95821","2401 Roland Rd, Sacramento, CA 95821, USA",
38.587378,-121.383406,"1205 WATT AVE, 95864","1205 Watt Ave, Sacramento, CA 95864, USA",
38.49403,-121.399062,"8300 MCNIE AVE, 95828","8300 McNie Ave, Sacramento, CA 95828, USA",
38.4667076,-121.3763776,"8011 BUGATTI CT, 95828","8011 Bugatti Ct, Sacramento, CA 95828, USA",
38.4785899,-121.410136,"7930 ORCHARD WOODS CIR, 95828","7930 Orchard Woods Cir, Sacramento, CA 95828, USA",
38.676724,-121.440415,"1055 E ST, 95673","1055 E St, Rio Linda, CA 95673, USA",
38.537987,-121.455199,"4015 44TH ST, 95820","4015 44th St, Sacramento, CA 95820, USA",
38.470534,-121.396614,"7901 SUNRISE GREENS DR, 95828","7901 Sunrise Greens Dr, Sacramento, CA 95828, USA",
38.459729,-121.381566,"8158 MONTREUX WAY, 95828","8158 Montreux Way, Sacramento, CA 95828, USA",
38.463046,-121.381251,"8696 DAIMLER WAY, 95828","8696 Daimler Way, Sacramento, CA 95828, USA",
38.461441,-121.378962,"8258 WESTPORT CIR, 95828","8258 Westport Cir, Sacramento, CA 95828, USA",
38.569559,-121.349568,"9368 MIRA DEL RIO DR, 95827","9368 Mira Del Rio Dr, Sacramento, CA 95827, USA",
38.5964247,-121.4056969,"2401 ARDEN WAY, 95825","2401 Arden Way, Sacramento, CA 95825, USA",
38.5318876,-121.4587135,"4801 DEL NORTE BLVD, 95820","4801 Del Norte Blvd, Sacramento, CA 95820, USA",
38.5128569,-121.33623,"6212 BRADSHAW RD, 95829","6212 Bradshaw Rd, Sacramento, CA 95829, USA",
38.538123,-121.456794,"4000 43RD ST, 95820","4000 43rd St, Sacramento, CA 95820, USA",
38.484755,-121.419051,"7206 WALTER AVE, 95828","7206 Walter Ave, Sacramento, CA 95828, USA",
38.484561,-121.420697,"7506 WHISPERWILLOW DR, 95828","7506 Whisperwillow Dr, Sacramento, CA 95828, USA",
38.673135,-121.436935,"1233 C ST, 95673","1233 C St, Rio Linda, CA 95673, USA",
38.48191,-121.420178,"7592 WATERWILLOW DR, 95828","7592 Waterwillow Dr, Sacramento, CA 95828, USA",
38.493698,-121.421913,"6921 BARNUM CT, 95828","6921 Barnum Ct, Sacramento, CA 95828, USA",
38.489854,-121.410448,"7918 68TH AVE, 95828","7918 68th Ave, Sacramento, CA 95828, USA",
38.553769,-121.340538,"9600 STARDUST WAY, 95827","9600 Stardust Way, Sacramento, CA 95827, USA",
38.673187,-121.369842,"5857 ELMO DR, 95660","5857 Elmo Dr, North Highlands, CA 95660, USA",
38.491407,-121.411341,"7442 DELLA CIR, 95828","7442 Della Cir, Sacramento, CA 95828, USA",
38.491405,-121.411557,"7438 DELLA CIR, 95828","7438 Della Cir, Sacramento, CA 95828, USA",
38.489843,-121.412024,"7812 68TH AVE, 95828","7812 68th Ave, Sacramento, CA 95828, USA",
38.501448,-121.3829378,"8687 WEYAND AVE, 95828","8687 Weyand Ave, Sacramento, CA 95828, USA",
38.4851239,-121.3850313,"8598 GERMAN DR, 95828","8598 German Dr, Sacramento, CA 95828, USA",
38.4921689,-121.384864,"7301 JENNA WAY, 95828","7301 Jenna Way, Sacramento, CA 95828, USA",
38.53709,-121.457234,"4037 42ND ST, 95820","4037 42nd St, Sacramento, CA 95820, USA",
38.491316,-121.386824,"8561 ELAINE DR, 95828","8561 Elaine Dr, Sacramento, CA 95828, USA",
38.492578,-121.382959,"7304 FLETCHER FARM DR, 95828","7304 Fletcher Farms Dr, Sacramento, CA 95828, USA",
38.47459,-121.378921,"8740 TIOGAWOODS DR, 95828","8740 Tiogawoods Dr, Sacramento, CA 95828, USA",
38.47805,-121.372918,"7693 ROOSTERFISH WAY, 95828","7693 Roosterfish Way, Sacramento, CA 95828, USA",
38.480604,-121.376699,"7621 EASTBREEZE CIR, 95828","7621 Eastbreeze Cir, Sacramento, CA 95828, USA",
38.473158,-121.354622,"7783 NEYLAND WAY, 95829","7783 Neyland Way, Sacramento, CA 95829, USA",
38.5076589,-121.453537,"6533 LANG AVE, 95823","6533 Lang Ave, Sacramento, CA 95823, USA",
38.482946,-121.430374,"6203 STACY AVE, 95823","6203 Stacy Ave, Sacramento, CA 95823, USA",
38.484757,-121.429605,"7505 STEAMER WAY, 95823","7505 Steamer Way, Sacramento, CA 95823, USA",
38.50555,-121.438786,"6636 WIRE DR, 95823","6636 Wire Dr, Sacramento, CA 95823, USA",
38.515322,-121.358772,"6201 HEDGE AVE, 95829","6201 Hedge Ave, Sacramento, CA 95829, USA",
38.4935756,-121.4362684,"7275 E SOUTHGATE DR, 95823","7275 E Southgate Dr, Sacramento, CA 95823, USA",
38.524602,-121.447328,"5000 FRUITRIDGE RD, 95820","5000 Fruitridge Rd, Sacramento, CA 95820, USA",
38.717559,-121.360192,"8200 ROCKBURY WAY, 95843","8200 Rockbury Way, Antelope, CA 95843, USA",
38.4800922,-121.4155118,"7651 PAR PKWY, 95828","7651 Par Pkwy, Sacramento, CA 95828, USA",
38.4792018,-121.4136121,"7701 EAGLE PARK DR, 95828","7701 Eagle Park Dr, Sacramento, CA 95828, USA",
38.474635,-121.407349,"8140 STEINBECK WAY, 95828","8140 Steinbeck Way, Sacramento, CA 95828, USA",
38.477436,-121.400106,"8329 HAYFIELD CIR, 95828","8329 Hayfield Cir, Sacramento, CA 95828, USA",
38.4769689,-121.40552,"7690 DARLA WAY, 95828","7690 Darla Way, Sacramento, CA 95828, USA",
38.477296,-121.403542,"8245 HOMEFIELD WAY, 95828","8245 Homefield Way, Sacramento, CA 95828, USA",
38.4553511,-121.3975763,"8329 MAPLE TRAILS WAY, 95828","8329 Maple Trails Way, Sacramento, CA 95828, USA",
38.548939,-121.345027,"3832 FABERGE WAY, 95826","3832 Faberge Way, Sacramento, CA 95826, USA",
38.661072,-121.319749,"6171 RUTLAND DR, 95608","6171 Rutland Dr, Carmichael, CA 95608, USA",
38.5339011,-121.4509926,"4719 ROOSEVELT AVE, 95820","4719 Roosevelt Ave, Sacramento, CA 95820, USA",
38.632111,-121.383203,"3490 SIERRA VIEW LN, 95821","3490 Sierra View Ln, Sacramento, CA 95821, USA",
38.4676345,-121.3684577,"8973 NAPA VALLEY WAY, 95829","8973 Napa Valley Way, Sacramento, CA 95829, USA",
38.695611,-121.451212,"7024 FRONT ST, 95673","7024 Front St, Rio Linda, CA 95673, USA",
38.4863123,-121.4181676,"7404 WALTER AVE, 95828","7404 Walter Ave, Sacramento, CA 95828, USA",
38.5197486,-121.4484879,"4909 37TH AVE, 95824","4909 37th Ave, Sacramento, CA 95824, USA",
38.5002554,-121.3142179,"10151 FLORIN RD, 95829","10151 Florin Rd, Sacramento, CA 95829, USA",
38.517443,-121.44605,"5033 CLOVER GLEN WAY, 95824","5033 Clover Glen Way, Sacramento, CA 95824, USA",
38.704227,-121.367629,"7605 ZEPHYR HILLS WAY, 95843","7605 Zephyr Hills Way, Antelope, CA 95843, USA",
38.61793,-121.250873,"2346 CABO WAY, 95670","2346 Cabo Way, Gold River, CA 95670, USA",
38.6122308,-121.3954068,"2550 BELPORT LN, 95821","2550 Belport Ln, Sacramento, CA 95821, USA",
38.705531,-121.387981,"7637 SULLIVAN DR, 95843","7637 Sullivan Dr, Antelope, CA 95843, USA",
38.559456,-121.367698,"9063 MONTOYA ST,Unit 4, 95826","9063 Montoya St #4, Sacramento, CA 95826, USA",
38.613738,-121.395576,"2624 BELPORT LN, 95821","2624 Belport Ln, Sacramento, CA 95821, USA",
38.5128569,-121.33623,"6212 BRADSHAW RD, 95829","6212 Bradshaw Rd, Sacramento, CA 95829, USA",
38.5283821,-121.4586493,"5171 DEL NORTE BLVD, 95820","5171 Del Norte Blvd, Sacramento, CA 95820, USA",
38.706059,-121.370461,"4033 BEAVER CREEK CT, 95843","4033 Beaver Creek Ct, Antelope, CA 95843, USA",
38.6048491,-121.40984,"2129 CARLOTTA DR, 95825","2129 Carlotta Dr, Sacramento, CA 95825, USA",
38.580706,-121.381782,"3601 TOLENAS CT, 95864","3601 Tolenas Ct, Sacramento, CA 95864, USA",
38.656927,-121.343418,"4987 TUFTS ST, 95841","4987 Tufts St, Sacramento, CA 95841, USA",
38.537859,-121.456207,"4037 43RD ST, 95820","4037 43rd St, Sacramento, CA 95820, USA",
38.50555,-121.438786,"6636 WIRE DR, 95823","6636 Wire Dr, Sacramento, CA 95823, USA",
38.681593,-121.373483,"6309 BELVA WAY, 95660","6309 Belva Way, North Highlands, CA 95660, USA",
38.4792018,-121.4136121,"7701 EAGLE PARK DR, 95828","7701 Eagle Park Dr, Sacramento, CA 95828, USA",
38.497483,-121.42122,"7067 FORMAN WAY, 95828","7067 Forman Way, Sacramento, CA 95828, USA",
38.564603,-121.374434,"8824 SAWTELLE WAY,Unit A, 95826","8824 Sawtelle Way, Sacramento, CA 95826, USA",
38.58503,-121.407538,"1065 CLINTON RD, 95825","1065 Clinton Rd, Sacramento, CA 95825, USA",
38.669239,-121.325854,"5957 CASA ALEGRE, 95608","5957 Casa Alegre, Carmichael, CA 95608, USA",
38.556191,-121.35837,"9165 THILOW DR, 95826","9165 Thilow Dr, Sacramento, CA 95826, USA",
38.476611,-121.384911,"8620 COOLWOODS WAY, 95828","8620 Coolwoods Way, Sacramento, CA 95828, USA",
38.4558316,-121.3773042,"8782 INISHEER WAY, 95828","8782 Inisheer Way, Sacramento, CA 95828, USA",
38.5899436,-121.2003314,"12584 WHITE ROCK RD, 95742","12584 White Rock Rd, Rancho Cordova, CA 95742, USA",
38.724445,-121.378334,"8633 SHADOW CREST CIR, 95843","8633 Shadow Crest Cir, Antelope, CA 95843, USA",
38.46114,-121.378598,"8166 DERBYSHIRE CIR, 95828","8166 Derbyshire Cir, Sacramento, CA 95828, USA",
38.4617,-121.377689,"8259 DERBYSHIRE CIR, 95828","8259 Derbyshire Cir, Sacramento, CA 95828, USA",
38.461777,-121.379467,"8267 WESTPORT CIR, 95828","8267 Westport Cir, Sacramento, CA 95828, USA",
38.373357,-121.239822,"10571 COLONY RD, 95693","10571 Colony Rd, Wilton, CA 95693, USA",
38.491968,-121.414519,"7601 LOUCRETA DR, 95828","7601 Loucreta Dr, Sacramento, CA 95828, USA",
38.492235,-121.41239,"7809 LOUCRETA DR, 95828","7809 Loucreta Dr, Sacramento, CA 95828, USA",
38.708447,-121.39435,"7752 RUDYARD CIR, 95843","7752 Rudyard Cir, Antelope, CA 95843, USA",
38.682197,-121.346539,"5028 TACOMIC DR, 95842","5028 Tacomic Dr, Sacramento, CA 95842, USA",
38.516561,-121.459324,"6017 41ST ST, 95824","6017 41st St, Sacramento, CA 95824, USA",
38.504904,-121.457726,"6633 42ND ST, 95823","6633 42nd St, Sacramento, CA 95823, USA",
38.5074759,-121.460734,"6505 WESLEY AVE, 95823","6505 Wesley Ave, Sacramento, CA 95823, USA",
38.514716,-121.453011,"6108 LAURINE WAY, 95824","6108 Laurine Way, Sacramento, CA 95824, USA",
38.515681,-121.456036,"4316 41ST AVE, 95824","4316 41st Ave, Sacramento, CA 95824, USA",
38.5589627,-121.3720419,"8901 MONTOYA ST, 95826","8901 Montoya St, Sacramento, CA 95826, USA",
38.516561,-121.459324,"6017 41ST ST, 95824","6017 41st St, Sacramento, CA 95824, USA",
38.526949,-121.455832,"4310 SOLEDAD AVE, 95820","4310 Soledad Ave, Sacramento, CA 95820, USA",
38.526963,-121.454599,"4430 SOLEDAD AVE, 95820","4430 Soledad Ave, Sacramento, CA 95820, USA",
38.534766,-121.452227,"4616 PARKER AVE, 95820","4616 Parker Ave, Sacramento, CA 95820, USA",
38.534095,-121.453785,"4507 ROOSEVELT AVE, 95820","4507 Roosevelt Ave, Sacramento, CA 95820, USA",
38.527368,-121.461998,"5290 MENDOCINO BLVD, 95820","5290 Mendocino Blvd, Sacramento, CA 95820, USA",
38.526822,-121.461998,"5370 MENDOCINO BLVD, 95820","5370 Mendocino Blvd, Sacramento, CA 95820, USA",
38.5143327,-121.4646151,"6144 MARTIN LUTHER KING JR BLVD, 95824","6144 Martin Luther King Jr Blvd, Sacramento, CA 95824, USA",
38.4861005,-121.4514154,"7701 PALMA PKWY, 95823","7701 Palma Pkwy, Sacramento, CA 95823, USA",
38.4913079,-121.425754,"7320 SAHARA CT, 95828","7320 Sahara Ct, Sacramento, CA 95828, USA",
38.492462,-121.424079,"7252 DEL PRADO WAY, 95828","7252 Del Prado Way, Sacramento, CA 95828, USA",
38.4874511,-121.4162992,"7434 BRUNO WAY, 95828","7434 Bruno Way, Sacramento, CA 95828, USA",
38.484755,-121.419051,"7206 WALTER AVE, 95828","7206 Walter Ave, Sacramento, CA 95828, USA",
38.493325,-121.409259,"7969 SAMANTHA WAY, 95828","7969 Samantha Way, Sacramento, CA 95828, USA",
38.49114,-121.412339,"7422 DELLA CIR, 95828","7422 Della Cir, Sacramento, CA 95828, USA",
38.4909501,-121.4122842,"7418 DELLA CIR, 95828","7418 Della Cir, Sacramento, CA 95828, USA",
38.484887,-121.412704,"7708 MCMULLEN WAY, 95828","7708 McMullen Way, Sacramento, CA 95828, USA",
38.484853,-121.414687,"7612 MCMULLEN WAY, 95828","7612 McMullen Way, Sacramento, CA 95828, USA",
38.484563,-121.414876,"7529 CLEMENT CIR, 95828","7529 Clement Cir, Sacramento, CA 95828, USA",
38.464258,-121.389689,"8538 BIRCH HOLLOW WAY, 95828","8538 Birch Hollow Way, Sacramento, CA 95828, USA",
38.4921689,-121.384864,"7301 JENNA WAY, 95828","7301 Jenna Way, Sacramento, CA 95828, USA",
38.484043,-121.388143,"8548 ALEKSANDER CT, 95828","8548 Aleksander Ct, Sacramento, CA 95828, USA",
38.479685,-121.386021,"7645 PINE VALLEY DR, 95828","7645 Pine Valley Dr, Sacramento, CA 95828, USA",
38.4760289,-121.378995,"8752 CRYSTAL RIVER WAY, 95828","8752 Crystal River Way, Sacramento, CA 95828, USA",
38.485385,-121.345169,"7490 CASTLEDOWN WAY, 95829","7490 Castledown Way, Sacramento, CA 95829, USA",
38.664554,-121.364803,"4247 OBERON AVE, 95660","4247 Oberon Ave, North Highlands, CA 95660, USA",
38.66512,-121.364665,"5411 HAMILTON ST, 95842","5411 Hamilton St, Sacramento, CA 95842, USA",
38.516973,-121.44807,"6018 DEWEY BLVD, 95824","6018 Dewey Blvd, Sacramento, CA 95824, USA",
38.5184984,-121.441979,"5911 KELLY WAY, 95824","5911 Kelly Way, Sacramento, CA 95824, USA",
38.517107,-121.453581,"4520 39TH AVE, 95824","4520 39th Ave, Sacramento, CA 95824, USA",
38.48446,-121.420252,"7201 WILLOW WIND CT, 95828","7201 Willow Wind Ct, Sacramento, CA 95828, USA",
38.51896,-121.463145,"5931 MASCOT AVE, 95824","5931 Mascot Ave, Sacramento, CA 95824, USA",
38.5189329,-121.456753,"5905 GARIBALDI ST, 95824","5905 Garibaldi St, Sacramento, CA 95824, USA",
38.516008,-121.465659,"3721 41ST AVE, 95824","3721 41st Ave, Sacramento, CA 95824, USA",
38.513716,-121.463891,"3836 43RD AVE, 95824","3836 43rd Ave, Sacramento, CA 95824, USA",
38.518738,-121.44792,"5950 DEWEY BLVD, 95824","5950 Dewey Blvd, Sacramento, CA 95824, USA",
38.5138984,-121.4508073,"6129 BURNS WAY, 95824","6129 Burns Way, Sacramento, CA 95824, USA",
38.514629,-121.465365,"3804 42ND AVE, 95824","3804 42nd Ave, Sacramento, CA 95824, USA",
38.4981925,-121.4598524,"4007 GREEN TREE DR, 95823","4007 Green Tree Dr, Sacramento, CA 95823, USA",
38.497466,-121.443522,"7123 5TH PKWY, 95823","7123 5th Pkwy, Sacramento, CA 95823, USA",
38.461357,-121.374515,"8091 DARIEN CIR, 95828","8091 Darien Cir, Sacramento, CA 95828, USA",
38.466713,-121.3754672,"8011 DELAGE WAY, 95828","8011 Delage Way, Sacramento, CA 95828, USA",
38.580969,-121.397772,"2790 NORTHROP AVE, 95864","2790 Northrop Ave, Sacramento, CA 95864, USA",
38.4781509,-121.410695,"7939 ORCHARD WOODS CIR, 95828","7939 Orchard Woods Cir, Sacramento, CA 95828, USA",
38.4792018,-121.4136121,"7701 EAGLE PARK DR, 95828","7701 Eagle Park Dr, Sacramento, CA 95828, USA",
38.470103,-121.34606,"9466 ROGERS RD, 95829","9466 Rogers Rd, Sacramento, CA 95829, USA",
38.691746,-121.344572,"6903 CENTENNIAL WAY, 95842","6903 Centennial Way, Sacramento, CA 95842, USA",
38.57103,-121.385281,"3431 CLEMENS WAY, 95864","3431 Clemens Way, Sacramento, CA 95864, USA",
38.655875,-121.321851,"4923 SCHUYLER DR, 95608","4923 Schuyler Dr, Carmichael, CA 95608, USA",
38.522338,-121.442805,"5321 SOUTHWEST AVE, 95824","5321 Southwest Ave, Sacramento, CA 95824, USA",
38.6781285,-121.2613218,"8118 GREENBACK LN, 95628","8118 Greenback Ln, Fair Oaks, CA 95628, USA",
38.679375,-121.217398,"9079 GREENBACK LN, 95662","9079 Greenback Ln, Orangevale, CA 95662, USA",
38.585035,-121.407925,"1053 CLINTON RD, 95825","1053 Clinton Rd, Sacramento, CA 95825, USA",
38.65225,-121.370604,"4021 WINONA WAY, 95660","4021 Winona Way, North Highlands, CA 95660, USA",
38.478462,-121.408374,"7732 GYAN WAY, 95828","7732 Gyan Way, Sacramento, CA 95828, USA",
38.486994,-121.416505,"7424 FLEMING AVE, 95828","7424 Fleming Ave, Sacramento, CA 95828, USA",
38.4576404,-121.3753242,"8871 INISHEER WAY, 95828","8871 Inisheer Way, Sacramento, CA 95828, USA",
38.467305,-121.373799,"8866 LEMAS RD, 95828","8866 Lemas Rd, Sacramento, CA 95828, USA",
38.4684176,-121.3669379,"9025 NAPA VALLEY WAY, 95829","9025 Napa Valley Way, Sacramento, CA 95829, USA",
38.460823,-121.369466,"8172 SILVERLEAF WAY, 95829","8172 Silverleaf Way, Sacramento, CA 95829, USA",
38.454897,-121.322136,"9967 JACINTH PL, 95829","9967 Jacinth Pl, Sacramento, CA 95829, USA",
38.6216896,-121.4137101,"2224 EDISON AVE, 95821","2224 Edison Ave, Sacramento, CA 95821, USA",
38.51375,-121.451304,"6132 BURNS WAY, 95824","6132 Burns Way, Sacramento, CA 95824, USA",
38.6792671,-121.2616043,"8101 GREENBACK LN, 95628","8101 Greenback Ln, Fair Oaks, CA 95628, USA",
38.493096,-121.448039,"7316 EAST PKWY, 95823","7316 East Pkwy, Sacramento, CA 95823, USA",
38.518364,-121.441975,"5921 KELLY WAY, 95824","5921 Kelly Way, Sacramento, CA 95824, USA",
38.51244,-121.455642,"6232 44TH ST, 95824","6232 44th St, Sacramento, CA 95824, USA",
38.471812,-121.398805,"7865 SUNRISE MIST WAY, 95828","7865 Sunrise Mist Way, Sacramento, CA 95828, USA",
38.5000799,-121.443371,"6937 5TH PKWY, 95823","6937 5th Pkwy, Sacramento, CA 95823, USA",
38.495022,-121.415418,"7518 FLAMINGO WAY, 95828","7518 Flamingo Way, Sacramento, CA 95828, USA",
38.500152,-121.4524478,"4541 GREEN TREE DR, 95823","4541 Green Tree Dr, Sacramento, CA 95823, USA",
38.6110838,-121.3900838,"3160 JERSEY WAY, 95821","3160 Jersey Way, Sacramento, CA 95821, USA",
38.618943,-121.248892,"11565 MARISSA WAY, 95670","11565 Marissa Way, Gold River, CA 95670, USA",
38.523375,-121.45605,"5673 ODEA DR, 95824","5673 Odea Dr, Sacramento, CA 95824, USA",
38.502331,-121.440445,"6821 KLINGON CT, 95823","6821 Klingon Ct, Sacramento, CA 95823, USA",
38.6251551,-121.4093946,"3228 FAIRVIEW CT, 95821","3228 Fairview Ct, Sacramento, CA 95821, USA",
38.662988,-121.351162,"5307 COLLEGE OAK DR, 95841","5307 College Oak Dr, Sacramento, CA 95841, USA",
38.460962,-121.394784,"8400 YERMO WAY, 95828","8400 Yermo Way, Sacramento, CA 95828, USA",
38.253791,-121.332788,"9790 HARVEY RD, 95632","9790 Harvey Rd, Galt, CA 95632, USA",
38.662083,-121.239385,"5225 VALONIA ST, 95628","5225 Valonia St, Fair Oaks, CA 95628, USA",
38.3579793,-120.9535502,"10081 CASTLE OAKS CT, 95829","504 Castle Oaks Dr, Ione, CA 95640, USA",
38.466966,-121.367737,"8977 COLOMBARD WAY, 95829","8977 Colombard Way, Sacramento, CA 95829, USA",
38.5431079,-121.345923,"4218 LEAFMONT WAY, 95826","4218 Leafmont Way, Sacramento, CA 95826, USA",
38.538604,-121.456226,"3921 43RD ST, 95820","3921 43rd St, Sacramento, CA 95820, USA",
38.508381,-121.437019,"6409 DALLAS WAY, 95823","6409 Dallas Way, Sacramento, CA 95823, USA",
38.5317719,-121.461886,"4830 MENDOCINO BLVD, 95820","4830 Mendocino Blvd, Sacramento, CA 95820, USA",
38.4856286,-121.4540504,"7904 EAST PKWY, 95823","7904 East Pkwy, Sacramento, CA 95823, USA",
38.5309529,-121.460863,"4940 SISKIYOU AVE, 95820","4940 Siskiyou Ave, Sacramento, CA 95820, USA",
38.532393,-121.448604,"4830 BAKER AVE, 95820","4830 Baker Ave, Sacramento, CA 95820, USA",
38.669481,-121.419179,"5600 20TH ST, 95673","5600 20th St, Rio Linda, CA 95673, USA",
38.494191,-121.378034,"7251 GARDNER AVE, 95828","7251 Gardner Ave, Sacramento, CA 95828, USA",
38.5892418,-121.4021202,"1309 FULTON AVE, 95825","1309 Fulton Ave, Sacramento, CA 95825, USA",
38.6497249,-121.291123,"7417 SAN NITA WAY, 95628","7417 San Nita Way, Fair Oaks, CA 95628, USA",
38.616698,-121.41181,"2251 PYRAMID WAY, 95821","2251 Pyramid Way, Sacramento, CA 95821, USA",
38.6578469,-121.311475,"5107 OLEANDER DR, 95608","5107 Oleander Dr, Carmichael, CA 95608, USA",
38.5356979,-121.454576,"4420 18TH AVE, 95820","4420 18th Ave, Sacramento, CA 95820, USA",
38.590478,-121.39727,"1365 JONAS AVE, 95864","1365 Jonas Ave, Sacramento, CA 95864, USA",
38.479127,-121.372822,"8864 AMBERJACK WAY, 95828","8864 Amberjack Way, Sacramento, CA 95828, USA",
38.486679,-121.411619,"7825 SKANDER WAY, 95828","7825 Skander Way, Sacramento, CA 95828, USA",
38.5130937,-121.4661254,"3706 44TH AVE, 95824","3706 44th Ave, Sacramento, CA 95824, USA",
38.5168576,-121.4560095,"6024 44TH ST, 95824","6024 44th St, Sacramento, CA 95824, USA",
38.513392,-121.462379,"6225 39TH ST, 95824","6225 39th St, Sacramento, CA 95824, USA",
38.5223315,-121.455675,"4329 IOWA AVE, 95824","4329 Iowa Ave, Sacramento, CA 95824, USA",
38.4983921,-121.4573125,"4343 WILLIAMSBOURGH DR, 95823","4343 Williamsbourgh Dr, Sacramento, CA 95823, USA",
38.5565039,-121.366188,"9054 TRUJILLO WAY, 95826","9054 Trujillo Way, Sacramento, CA 95826, USA",
38.615018,-121.358384,"4545 S PARK DR, 95821","4545 S Park Dr, Sacramento, CA 95821, USA",
38.517794,-121.445176,"5110 38TH AVE, 95824","5110 38th Ave, Sacramento, CA 95824, USA",
 